kitchen	codex-native/tasks/2026-07-09-1243-doing-native-full-moon/unit-7-final-release-state-matrix/screenshots/ios-mobile.png	codex-native/tasks/2026-07-09-1243-doing-native-full-moon/unit-7-final-release-state-matrix/screenshots/macos-desktop.png
recipes	codex-native/tasks/2026-07-09-1243-doing-native-full-moon/unit-7-final-release-state-matrix/screenshot-routes/recipes/screenshots/ios-mobile.png	codex-native/tasks/2026-07-09-1243-doing-native-full-moon/unit-7-final-release-state-matrix/screenshot-routes/recipes/screenshots/macos-desktop.png
recipe-detail	codex-native/tasks/2026-07-09-1243-doing-native-full-moon/unit-7-final-release-state-matrix/screenshot-routes/recipe-detail/screenshots/ios-mobile.png	codex-native/tasks/2026-07-09-1243-doing-native-full-moon/unit-7-final-release-state-matrix/screenshot-routes/recipe-detail/screenshots/macos-desktop.png
cook-mode	codex-native/tasks/2026-07-09-1243-doing-native-full-moon/unit-7-final-release-state-matrix/screenshot-routes/cook-mode/screenshots/ios-mobile.png	codex-native/tasks/2026-07-09-1243-doing-native-full-moon/unit-7-final-release-state-matrix/screenshot-routes/cook-mode/screenshots/macos-desktop.png
cookbooks	codex-native/tasks/2026-07-09-1243-doing-native-full-moon/unit-7-final-release-state-matrix/screenshot-routes/cookbooks/screenshots/ios-mobile.png	codex-native/tasks/2026-07-09-1243-doing-native-full-moon/unit-7-final-release-state-matrix/screenshot-routes/cookbooks/screenshots/macos-desktop.png
cookbook-detail	codex-native/tasks/2026-07-09-1243-doing-native-full-moon/unit-7-final-release-state-matrix/screenshot-routes/cookbook-detail/screenshots/ios-mobile.png	codex-native/tasks/2026-07-09-1243-doing-native-full-moon/unit-7-final-release-state-matrix/screenshot-routes/cookbook-detail/screenshots/macos-desktop.png
shopping-list	codex-native/tasks/2026-07-09-1243-doing-native-full-moon/unit-7-final-release-state-matrix/screenshot-routes/shopping-list/screenshots/ios-mobile.png	codex-native/tasks/2026-07-09-1243-doing-native-full-moon/unit-7-final-release-state-matrix/screenshot-routes/shopping-list/screenshots/macos-desktop.png
shopping-list-empty	codex-native/tasks/2026-07-09-1243-doing-native-full-moon/unit-7-final-release-state-matrix/screenshot-routes/shopping-list-empty/screenshots/ios-mobile.png	codex-native/tasks/2026-07-09-1243-doing-native-full-moon/unit-7-final-release-state-matrix/screenshot-routes/shopping-list-empty/screenshots/macos-desktop.png
shopping-list-all-complete	codex-native/tasks/2026-07-09-1243-doing-native-full-moon/unit-7-final-release-state-matrix/screenshot-routes/shopping-list-all-complete/screenshots/ios-mobile.png	codex-native/tasks/2026-07-09-1243-doing-native-full-moon/unit-7-final-release-state-matrix/screenshot-routes/shopping-list-all-complete/screenshots/macos-desktop.png
shopping-list-duplicate	codex-native/tasks/2026-07-09-1243-doing-native-full-moon/unit-7-final-release-state-matrix/screenshot-routes/shopping-list-duplicate/screenshots/ios-mobile.png	codex-native/tasks/2026-07-09-1243-doing-native-full-moon/unit-7-final-release-state-matrix/screenshot-routes/shopping-list-duplicate/screenshots/macos-desktop.png
shopping-list-conflict	codex-native/tasks/2026-07-09-1243-doing-native-full-moon/unit-7-final-release-state-matrix/screenshot-routes/shopping-list-conflict/screenshots/ios-mobile.png	codex-native/tasks/2026-07-09-1243-doing-native-full-moon/unit-7-final-release-state-matrix/screenshot-routes/shopping-list-conflict/screenshots/macos-desktop.png
shopping-list-offline-queued	codex-native/tasks/2026-07-09-1243-doing-native-full-moon/unit-7-final-release-state-matrix/screenshot-routes/shopping-list-offline-queued/screenshots/ios-mobile.png	codex-native/tasks/2026-07-09-1243-doing-native-full-moon/unit-7-final-release-state-matrix/screenshot-routes/shopping-list-offline-queued/screenshots/macos-desktop.png
search	codex-native/tasks/2026-07-09-1243-doing-native-full-moon/unit-7-final-release-state-matrix/screenshot-routes/search/screenshots/ios-mobile.png	codex-native/tasks/2026-07-09-1243-doing-native-full-moon/unit-7-final-release-state-matrix/screenshot-routes/search/screenshots/macos-desktop.png
search-typed-results	codex-native/tasks/2026-07-09-1243-doing-native-full-moon/unit-7-final-release-state-matrix/screenshot-routes/search-typed-results/screenshots/ios-mobile.png	codex-native/tasks/2026-07-09-1243-doing-native-full-moon/unit-7-final-release-state-matrix/screenshot-routes/search-typed-results/screenshots/macos-desktop.png
search-scoped-recipes	codex-native/tasks/2026-07-09-1243-doing-native-full-moon/unit-7-final-release-state-matrix/screenshot-routes/search-scoped-recipes/screenshots/ios-mobile.png	codex-native/tasks/2026-07-09-1243-doing-native-full-moon/unit-7-final-release-state-matrix/screenshot-routes/search-scoped-recipes/screenshots/macos-desktop.png
search-scoped-cookbooks	codex-native/tasks/2026-07-09-1243-doing-native-full-moon/unit-7-final-release-state-matrix/screenshot-routes/search-scoped-cookbooks/screenshots/ios-mobile.png	codex-native/tasks/2026-07-09-1243-doing-native-full-moon/unit-7-final-release-state-matrix/screenshot-routes/search-scoped-cookbooks/screenshots/macos-desktop.png
search-scoped-chefs	codex-native/tasks/2026-07-09-1243-doing-native-full-moon/unit-7-final-release-state-matrix/screenshot-routes/search-scoped-chefs/screenshots/ios-mobile.png	codex-native/tasks/2026-07-09-1243-doing-native-full-moon/unit-7-final-release-state-matrix/screenshot-routes/search-scoped-chefs/screenshots/macos-desktop.png
search-scoped-shopping	codex-native/tasks/2026-07-09-1243-doing-native-full-moon/unit-7-final-release-state-matrix/screenshot-routes/search-scoped-shopping/screenshots/ios-mobile.png	codex-native/tasks/2026-07-09-1243-doing-native-full-moon/unit-7-final-release-state-matrix/screenshot-routes/search-scoped-shopping/screenshots/macos-desktop.png
search-no-results	codex-native/tasks/2026-07-09-1243-doing-native-full-moon/unit-7-final-release-state-matrix/screenshot-routes/search-no-results/screenshots/ios-mobile.png	codex-native/tasks/2026-07-09-1243-doing-native-full-moon/unit-7-final-release-state-matrix/screenshot-routes/search-no-results/screenshots/macos-desktop.png
capture	codex-native/tasks/2026-07-09-1243-doing-native-full-moon/unit-7-final-release-state-matrix/screenshot-routes/capture/screenshots/ios-mobile.png	codex-native/tasks/2026-07-09-1243-doing-native-full-moon/unit-7-final-release-state-matrix/screenshot-routes/capture/screenshots/macos-desktop.png
capture-empty	codex-native/tasks/2026-07-09-1243-doing-native-full-moon/unit-7-final-release-state-matrix/screenshot-routes/capture-empty/screenshots/ios-mobile.png	codex-native/tasks/2026-07-09-1243-doing-native-full-moon/unit-7-final-release-state-matrix/screenshot-routes/capture-empty/screenshots/macos-desktop.png
capture-draft	codex-native/tasks/2026-07-09-1243-doing-native-full-moon/unit-7-final-release-state-matrix/screenshot-routes/capture-draft/screenshots/ios-mobile.png	codex-native/tasks/2026-07-09-1243-doing-native-full-moon/unit-7-final-release-state-matrix/screenshot-routes/capture-draft/screenshots/macos-desktop.png
capture-offline-retry	codex-native/tasks/2026-07-09-1243-doing-native-full-moon/unit-7-final-release-state-matrix/screenshot-routes/capture-offline-retry/screenshots/ios-mobile.png	codex-native/tasks/2026-07-09-1243-doing-native-full-moon/unit-7-final-release-state-matrix/screenshot-routes/capture-offline-retry/screenshots/macos-desktop.png
capture-provider-blocked	codex-native/tasks/2026-07-09-1243-doing-native-full-moon/unit-7-final-release-state-matrix/screenshot-routes/capture-provider-blocked/screenshots/ios-mobile.png	codex-native/tasks/2026-07-09-1243-doing-native-full-moon/unit-7-final-release-state-matrix/screenshot-routes/capture-provider-blocked/screenshots/macos-desktop.png
capture-signed-out	codex-native/tasks/2026-07-09-1243-doing-native-full-moon/unit-7-final-release-state-matrix/screenshot-routes/capture-signed-out/screenshots/ios-mobile.png	codex-native/tasks/2026-07-09-1243-doing-native-full-moon/unit-7-final-release-state-matrix/screenshot-routes/capture-signed-out/screenshots/macos-desktop.png
settings	codex-native/tasks/2026-07-09-1243-doing-native-full-moon/unit-7-final-release-state-matrix/screenshot-routes/settings/screenshots/ios-mobile.png	codex-native/tasks/2026-07-09-1243-doing-native-full-moon/unit-7-final-release-state-matrix/screenshot-routes/settings/screenshots/macos-desktop.png
settings-notifications	codex-native/tasks/2026-07-09-1243-doing-native-full-moon/unit-7-final-release-state-matrix/screenshot-routes/settings-notifications/screenshots/ios-mobile.png	codex-native/tasks/2026-07-09-1243-doing-native-full-moon/unit-7-final-release-state-matrix/screenshot-routes/settings-notifications/screenshots/macos-desktop.png
settings-signed-out	codex-native/tasks/2026-07-09-1243-doing-native-full-moon/unit-7-final-release-state-matrix/screenshot-routes/settings-signed-out/screenshots/ios-mobile.png	codex-native/tasks/2026-07-09-1243-doing-native-full-moon/unit-7-final-release-state-matrix/screenshot-routes/settings-signed-out/screenshots/macos-desktop.png
settings-apns-denied	codex-native/tasks/2026-07-09-1243-doing-native-full-moon/unit-7-final-release-state-matrix/screenshot-routes/settings-apns-denied/screenshots/ios-mobile.png	codex-native/tasks/2026-07-09-1243-doing-native-full-moon/unit-7-final-release-state-matrix/screenshot-routes/settings-apns-denied/screenshots/macos-desktop.png
settings-apns-not-determined	codex-native/tasks/2026-07-09-1243-doing-native-full-moon/unit-7-final-release-state-matrix/screenshot-routes/settings-apns-not-determined/screenshots/ios-mobile.png	codex-native/tasks/2026-07-09-1243-doing-native-full-moon/unit-7-final-release-state-matrix/screenshot-routes/settings-apns-not-determined/screenshots/macos-desktop.png
settings-apns-authorized	codex-native/tasks/2026-07-09-1243-doing-native-full-moon/unit-7-final-release-state-matrix/screenshot-routes/settings-apns-authorized/screenshots/ios-mobile.png	codex-native/tasks/2026-07-09-1243-doing-native-full-moon/unit-7-final-release-state-matrix/screenshot-routes/settings-apns-authorized/screenshots/macos-desktop.png
settings-apns-unregistered	codex-native/tasks/2026-07-09-1243-doing-native-full-moon/unit-7-final-release-state-matrix/screenshot-routes/settings-apns-unregistered/screenshots/ios-mobile.png	codex-native/tasks/2026-07-09-1243-doing-native-full-moon/unit-7-final-release-state-matrix/screenshot-routes/settings-apns-unregistered/screenshots/macos-desktop.png
